name,group_price,adult_price,child_price
[Camelia] Private Tea Ceremony Flower Teahouse,0,8000,0
[Camelia] Private Tea Ceremony Flower Teahouse For 1 Person,0,15000,0
[Camelia] Private Tea Ceremony Flower Teahouse With Kimono,0,16000,0
[Camelia] Private Tea Ceremony Garden Teahouse,0,12000,0
[Camelia] Private Tea Ceremony Garden Teahouse For 1 Person,0,20000,0
[Camelia] Shared Tea Ceremony Flower Teahouse,0,4000,2500
[do not use] - mistake - Taxi Osaka > Kansai(copy),16530,0,0
[do not use] Taxi Kansai > Kyoto/Nara/Kobe,24882,0,0
[group lesson] ramen cooking class with NAHOKO - up to 4 people,0,0,0
[No Use Please] Kansai Airport To Kyoto City Private Hire Car Transfer 1 À 5 People (Japanese & Chinese Available),34000,0,0
[No Use Please] Kansai Airport To Osaka City Private Hire Car Transfer 1 To 5 People (Japanese & Chinese Available),21250,0,0
[No Use Please] Kansai Airport To Osaka City Private Hire Car Transfer 5 To 8 People (Japanese & Chinese Available),23800,0,0
[non private] Cuisinez des nouilles ramen avec NAHOKO,0,12500,12500
[private] ramen cooking class with NAHOKO - up to 4 people,50000,0,0
1000 pp,0,1000,0
10000 pp,0,10000,0
2000 pp,0,2000,0
500 pp,0,500,0
5000 pp,0,5000,0
Airport Transfer [Cocolo],12000,0,0
Airport Transfer [Kansai Guide],0,0,0
Airport transfer taxi,0,0,0
Akabo Luggage Transport,0,0,0
Amita sumo Dojo (from 2 people),0,30000,0
Baseball Ticket - Jingu Stadium - Tokyo,0,6000,6000
Bus Kamikochi to Takayama,0,0,0
Bus Kawaguchiko --> Shinjuku,0,1570,0
Bus Matsumoto - Kamikochi FROM APRIL17 to NOV 15 ONLY,0,4450,2230
Bus Shinjuku --> Kawaguchiko,0,1570,0
Bus Takayama to Shirakawago (gir),0,2800,2800
Chazen - private tea ceremony - Asakusa,0,5000,0
Cookin Sun Osaka - private - sushi,0,0,0
Cooking Class With Masako-San - From Airkitchen,0,11000,0
Cooking Vegan Ramen And Gyoza With Sakiko,0,0,0
Dinner (3000),0,3000,3000
Dinner reservation (4000),0,3000,3000
"DO NOT BOOK IF POSSIBLE [Osaka] Sumo Show & Experience: Try Sumo, Kimono Dress-Up, and Enjoy a Chanko Nabe Feast!",0,14321,2340
Do Not Use Taxi Haneda > Tokyo,10179,0,0
Do Not Use Taxi Kansai > Osaka,16530,0,0
Do Not Use Taxi Narita > Tokyo,16965,0,0
early check-in,0,1000,1000
Entrées Yumiuriland,0,5800,4000
Experience Kendo,0,18000,0
Factory tour+ Forging workshop,0,13000,0
Ferry from odaiba to asakusa,0,2000,0
Flight ticket from Haneda to Ishigaki,0,30000,0
Flight ticket from Kansai Airport to Ishigaki,0,30000,0
Flight Ticket FUK To HND Airport [ANA],0,0,0
Flight Ticket Haneda To Memambetsu Airport [Ana],0,0,0
Flight ticket Ishigaki to haneda airport,0,30000,0
Flight ticket Ishigaki to haneda airport-duplicate,0,30000,0
Flight ticket Ishigaki to Kansai airport,0,30000,0
FLight ticket Ishigaki to Narita,0,0,0
Geisha 2 Hours Like-Minded,0,0,0
Ghibli Museum Tickets,0,1000,400
Ghibli Parc Nagoya weekday,7300,3650,0
Ghibli Parc Nagoya weekend,7800,3900,0
Gion Corner,0,5500,0
Guide For 1 Days,0,0,0
Guide For 10 Days,0,0,0
Guide For 11 Days,0,0,0
Guide For 12 Days,0,0,0
Guide For 13 Days,0,0,0
Guide For 14 Days,0,0,0
Guide For 15 Days,0,0,0
Guide For 16 Days,0,0,0
Guide For 17 Days,0,0,0
Guide For 18 Days,0,0,0
Guide For 19 Days,0,0,0
Guide For 2 Days,0,0,0
Guide For 20 Days,0,0,0
Guide For 21 Days,0,0,0
Guide For 23 Days,0,0,0
Guide For 3 Days,0,0,0
Guide For 4 Days,0,0,0
Guide for 4 hours [Cocolo travel] AFTERNOON,12000,0,0
Guide for 4 hours [Cocolo Travel] MORNING,12000,0,0
Guide for 4 hours [Jean Gabriel] Hiroshima,0,0,0
Guide for 4 hours [Kansai Guide] AFTERNOON 1/2 personnes,23000,0,0
Guide for 4 hours [Kansai Guide] AFTERNOON 3/5 PAX,28000,0,0
Guide for 4 hours [Kansai Guide] AFTERNOON 6/7 PAX,33000,0,0
Guide for 4 hours [Miyako] Hiroshima,35000,0,0
Guide for 4 hours [Miyako] Hiroshima,26000,0,0
Guide For 5 Days,0,0,0
Guide For 6 Days,0,0,0
Guide For 7 Days,0,0,0
Guide For 8 Days,0,0,0
Guide for 8 hours [Cocolo],23500,0,0
Guide for 8 hours [Kansai Guide] 3/5 PAX,39000,0,0
Guide for 8 hours [Kansai Guide] 6 PAX +,47000,0,0
Guide For 9 Days,0,0,0
Guide For Half Day [Kansai Guide] MORNING,0,0,0
Guide From 9 To 17 [Kansai Guide] 1/2 people,33000,0,0
Hakone Free Pass 2 Days,0,6887,1552
Hakone Free Pass 3 Days,0,7275,1795
Haruka Kix Kyoto,0,3640,1100
Hida No Sato (Hida Folk Village) Set Ticket,0,720,0
Hirazuka Sumo Hall Osaka - Sumo Show,0,12500,9000
Ice Breaker Cruise At Abashiri Large Ship,0,4500,2250
Ice Breaker Cruise At Abashiri Off-Shore Route Small Ship,0,8000,4000
Japan Rail Pass Green (14 Days) {hotel},0,110000,55000
Japan Rail Pass Green (21 Days) {hotel},0,140000,70000
Japan Rail Pass Green (7 Days) {hotel},0,70000,35000
Japan Rail Pass Kids (7 Days) {hotel},0,0,0
Japan Rail Pass Ordinary (14 Days) {hotel},0,80438,40000
Japan Rail Pass Ordinary (21 Days) {hotel},0,100508,50000
Japan Rail Pass Ordinary (7 Days) {hotel},0,50000,25000
Jr Train Tickets Between Cities,0,0,0
Jr Train Tickets Between Cities - First Class,0,0,0
Jr Train Tickets non included,0,0,0
Kansai Railway Pass (2 Days),0,3986,1993
Kansai Railway Pass (3 Days),0,4914,2457
Kintsugi - Osaka,0,15225,0
Knife experience - wada shoten,0,15000,0
Kyoto Subway And Bus Pass 1 Day,0,1100,0
kyoto zen temples photo workshop,30600,0,0
late check-out,0,1000,0
luggage forwarding,0,2500,2500
luggage forwarding from Chikatsuyu to Yunomine,0,0,0
luggage forwarding from tanabe to Chikatsuyu,0,0,0
luggage forwarding from Tanabe to Yunomine,0,0,0
Lunch reservation - GIR (2000),0,2000,2000
Maikoya - share ceremony Tokyo with Kimono,0,0,0
Matsumoto to Takayama (bus),0,4400,4400
Mayuko Little Kitchen Cooking Class Private,0,14900,0
Naoshima Chichu Art Museum,0,2500,0
Naoshima Electric Bike Rental (2 Days) [Ougiya],0,0,0
Naoshima Electric Bike Rental (3 Days) [Ougiya],0,3300,3300
Naoshima Electric Bike Rental (3 Days) [Tvc],0,3300,3300
New info (while waiting for roadbook information to be shown,0,0,0
Nikko - Asakusa To Tobu Nikko Expres Trains Ticket,0,1650,0
Nikko - Nikko Pass Digital Ticket,0,2120,0
NLTS luggage forwarding Magome,0,0,0
Only for couple - saihoji-kokedera - kyoto - lettercard booking (customer need to pay themselves),0,0,0
Orinami - Omamori workshop,0,4400,0
Osaka Exposition Tickets,0,0,0
Osaka Metro Pass 1 Day,0,1104,0
Osaka Metro Pass 2 Days,0,1685,0
Osaka Online Metro Pass 1 Day,0,1104,0
Osaka Online Metro Pass 2 Days,0,1685,0
Ramen Cooking Class With Nahoko-San - From Airkitchen,0,13900,0
Rapit: Kansai Airport Station > Namba Station,0,1300,0
Rapit: Namba Station > Kansai Airport Station,0,1300,0
Restaurant Reservation,0,0,0
Roadbook,0,0,0
Romance Car,0,1270,0
Saihoji Temple,0,4000,0
Samurai Restaurant Shinjuku,0,7000,0
Samurai Restaurant Shinjuku - 3rd show,0,0,0
Samurai Sword Experience - Asakusa - Tokyo,0,9000,0
Sanrio Puroland Passport,0,3458,2548
service test mt 2,5,6,7
service test mt 3,0,0,0
Shibuya Sky Tickets,0,2500,0
Shirakawago / Kanazawa Bus Ticket (Gir),0,0,0
Shirakawago & Gokayama Ainokura Tour,0,8100,6300
Skyliner Ticket One Way,0,2079,1035
Skytree Admission Ticket Tembo Deck 350,0,2116,1380
Skytree Admission Ticket Tembo Deck 350 & Tembo Galleria 450,0,3128,2162
Snow Shoes - Togakushi,0,9500,0
Suica (Gir),0,0,0
Sumo Dinner Show (Tokyo),0,13200,6500
Sumo Lunch Show (Tokyo),0,11000,5500
Sumo Practice Show - No Food (Tokyo),0,9000,0
Sumo Show Plan With Chanko Nabe In A Seating [Osaka],0,13260,0
Sumo Show Plan: A Seating (No Meals) [Osaka],0,10140,0
"Sumo Show Plan: B Seating (No Meals, Limited To 10 People) [Osaka]",0,8580,0
Sumo Show With Hotpot Meal In S Seating (Includes Souvenir ; Vip Experience) [Osaka],0,17160,0
"Sumo Show With Sushi, Crab, And Hotpot In A Seating (Includes Souvenir ; Special Plan) [Osaka]",0,20280,0
takayama - Kanazawa taxi,70000,0,0
Takayama to Matsumoto (bus),0,4400,0
Taxi (Jumbo) To Shinshoji Zen Museum And Garden (Up To 9 People),11000,0,0
Taxi For The Whole Day,0,0,0
Taxi Fukuoka > Fukuoka International Airport,13000,0,0
Taxi Fukuoka International Airport > Fukuoka,13000,0,0
Taxi Haneda > Tokyo With Name Board - big taxi (from 5 to 8 people with luggage),15225,0,0
Taxi Haneda > Tokyo With Name Board - regular taxi (from 1 to 4 people with luggage),12441,0,0
Taxi In Hokkaido For 3 Days,0,0,0
Taxi Jumbo from Kii-Tanabe to Takahara (up to 9 people),0,0,0
Taxi Kansai > Kyoto/Nara/Kobe With Name Board - big taxi (from 5 to 8 people with luggage),31668,0,0
Taxi Kansai > Kyoto/Nara/Kobe With Name Board - regular taxi (from 1 to 4 people with luggage),27144,0,0
Taxi Kansai > Osaka With Name Board - big taxi (from 5 to 8 people with luggage),21489,0,0
Taxi Kansai > Osaka With Name Board - regular taxi (from 1 to 4 people with luggage),18096,0,0
Taxi Kyoto/Nara/Kobe > Kansai - big taxi (from 5 to 8 people with luggage),29406,0,0
Taxi Kyoto/Nara/Kobe > Kansai - regular taxi (from 1 to 4 people with luggage),24882,0,0
Taxi magome to Nakatsugawa Onsen Hotel Hanasarasa,0,0,0
Taxi Nakatsugawa Onsen Hotel Hanasarasa to magome,0,0,0
Taxi Narita > Tokyo With Name Board - big taxi (from 5 to 8 people with luggage),21489,0,0
Taxi Narita > Tokyo With Name Board - regular taxi (from 1 to 4 people with luggage),19227,0,0
Taxi Osaka > Itami With Name On Board - up to 4 people,0,13500,0
Taxi Osaka > Kansai - big taxi (from 5 to 8 people with luggage),19227,0,0
Taxi Osaka > Kansai - regular taxi (from 1 to 4 people with luggage),16530,0,0
Taxi Tokyo > Haneda - big taxi (from 5 to 8 people with luggage),13007,0,0
Taxi Tokyo > Haneda - regular taxi (from 1 to 4 people with luggage),10179,0,0
Taxi Tokyo > Narita - big taxi (from 5 to 8 people with luggage),20010,0,0
Taxi Tokyo > Narita - regular taxi (from 1 to 4 people with luggage),16965,0,0
taxi tonami to kanazawa,30000,0,0
taxi tonami to omaki,30000,0,0
Tea Ceremony Group [Ami],0,3700,0
Tea Ceremony Karasuma Shijo Private [Maikoya],0,0,0
Tea Ceremony Private [Ami],25000,0,0
Tea Ceremony With Kimono Gion [Maikoya] Group,0,7700,0
Tea Ceremony With Kimono Gion [Maikoya] Private,66000,0,0
Tea Ceremony With Kimono Karasuma[Maikoya] Private,0,0,0
Tea Ceremony With Kimono Karasuma[Maikoya] shared,0,7000,0
Tea Ceremony With Kimono Nishiki [Maikoya] Privatif,0,7700,0
Tea Ceremony With Kimono Nishiki [Maikoya] shared,0,7000,0
Teshima Art Museum Tickets,0,1570,0
Teshima Bike Rental (1 Day) [Npo Pp],0,1500,1500
Teshima Bike Rental (1 Day) [Setouchi Karen],0,0,0
TEST-PASSPORT NUMBER,0,0,0
Ticket Haneda One Way,0,2079,1035
Tokyo by Night photo workshop,38700,0,0
"Tokyo Mizube Crusing Line ""Asakusa-Odaiba Cruise"" Express",0,0,0
Tokyo Subway (24 H),0,760,380
Tokyo Subway (48 H),0,1140,570
Tokyo Subway (72 H),0,1425,713
Tokyo Teamlab Borderless,0,0,0
Tokyo Teamlab Planets,0,4200,1500
Tokyo Tower,0,1200,700
usj tickets booked by customers,0,0,0
Visit Koya Ticket,0,3165,0
Visit sumo stable at Takasago,0,16000,0
Washoku Cooking Class with Maya-san - From Airkitchen - 6P max,0,10000,0
Washoku Home Cooking - Japanese Homemade Dishes,0,0,0
Welcome Suica 3000 Jpy,0,3000,3000
Wifi Router (04 Days) {airport} [Wifibox],4682,0,0
Wifi Router (04 Days) {hotel} [NinjaWifi],6720,0,0
Wifi Router (05 Days) {airport} [Wifibox],5852,0,0
Wifi Router (05 Days) {hotel} [NinjaWifi],6720,0,0
Wifi Router (05 Days) {hotel} [Wifi-Rental Store],5371,0,0
Wifi Router (06 Days) {hotel} [Wifi-Rental Store],5834,0,0
Wifi Router (07 Days) {airport} [NinjaWifi],6720,6693,0
Wifi Router (07 Days) {airport} [Wifibox],7420,0,0
Wifi Router (07 Days) {hotel} [NinjaWifi],6720,0,0
Wifi Router (07 Days) {hotel} [Wifi-Rental Store],6112,0,0
Wifi Router (08 Days) {airport} [NinjaWifi],6720,0,0
Wifi Router (08 Days) {airport} [Wifibox],8480,0,0
Wifi Router (08 Days) {hotel} [NinjaWifi],6720,0,0
Wifi Router (08 Days) {hotel} [Wifi-Rental Store],6575,0,0
Wifi Router (09 Days) {airport} [NinjaWifi],6720,6720,0
Wifi Router (09 Days) {airport} [Wifibox],9540,0,0
Wifi Router (09 Days) {hotel} [NinjaWifi],6720,0,0
Wifi Router (09 Days) {hotel} [Wifi-Rental Store],6945,0,0
Wifi Router (10 Days) {airport} [NinjaWifi],6720,0,0
Wifi Router (10 Days) {airport} [Wifibox],10600,0,0
Wifi Router (10 Days) {hotel} [NinjaWifi],6720,0,0
Wifi Router (10 Days) {hotel} [Wifi-Rental Store],7269,0,0
Wifi Router (11 Days) {airport} [NinjaWifi],6720,0,0
Wifi Router (11 Days) {airport} [Wifibox],11660,0,0
Wifi Router (11 Days) {hotel} [NinjaWifi],6720,0,0
Wifi Router (11 Days) {hotel} [Wifi-Rental Store],7686,0,0
Wifi Router (12 Days) {airport} [NinjaWifi],6720,0,0
Wifi Router (12 Days) {airport} [Wifibox],12720,0,0
Wifi Router (12 Days) {hotel} [NinjaWifi],6720,0,0
Wifi Router (12 Days) {hotel} [Wifi-Rental Store],8056,0,0
Wifi Router (13 Days) {airport} [NinjaWifi],9240,0,0
Wifi Router (13 Days) {airport} [Wifibox],13780,0,0
Wifi Router (13 Days) {hotel} [NinjaWifi],9240,0,0
Wifi Router (13 Days) {hotel} [Wifi-Rental Store],8426,0,0
Wifi Router (14 Days) {airport} [NinjaWifi],9240,0,0
Wifi Router (14 Days) {airport} [Wifibox],14840,0,0
Wifi Router (14 Days) {hotel} [NinjaWifi],9240,0,0
Wifi Router (14 Days) {hotel} [Wifi-Rental Store],8704,0,0
Wifi Router (15 Days) {airport} [NinjaWifi],11550,0,0
Wifi Router (15 Days) {airport} [Wifibox],15900,0,0
Wifi Router (15 Days) {hotel} [NinjaWifi],11550,0,0
Wifi Router (15 Days) {hotel} [Wifi-Rental Store],9167,0,0
Wifi Router (16 Days) {airport} [NinjaWifi],11550,0,0
Wifi Router (16 Days) {airport} [Wifibox],16960,0,0
Wifi Router (16 Days) {hotel} [NinjaWifi],11550,0,0
Wifi Router (16 Days) {hotel} [Wifi-Rental Store],9538,0,0
Wifi Router (17 Days) {airport} [NinjaWifi],11550,0,0
Wifi Router (17 Days) {airport} [Wifibox],18020,0,0
Wifi Router (17 Days) {hotel} [NinjaWifi],11550,0,0
Wifi Router (17 Days) {hotel} [Wifi-Rental Store],9908,0,0
Wifi Router (18 Days) {airport} [NinjaWifi],11550,0,0
Wifi Router (18 Days) {airport} [Wifibox],19080,0,0
Wifi Router (18 Days) {hotel} [NinjaWifi],11550,0,0
Wifi Router (18 Days) {hotel} [Wifi-Rental Store],10278,0,0
Wifi Router (19 Days) {airport} [NinjaWifi],11550,0,0
Wifi Router (19 Days) {airport} [Wifibox],20140,0,0
Wifi Router (19 Days) {hotel} [NinjaWifi],11550,0,0
Wifi Router (19 Days) {hotel} [Wifi-Rental Store],10741,0,0
Wifi Router (20 Days) {airport} [NinjaWifi],11550,0,0
Wifi Router (20 Days) {airport} [Wifibox],21200,0,0
Wifi Router (20 Days) {hotel} [NinjaWifi],11550,0,0
Wifi Router (20 Days) {hotel} [Wifi-Rental Store],11065,0,0
Wifi Router (21 Days) {airport} [NinjaWifi],11550,0,0
Wifi Router (21 Days) {airport} [Wifibox],22260,0,0
Wifi Router (21 Days) {hotel} [NinjaWifi],11550,0,0
Wifi Router (21 Days) {hotel} [Wifi-Rental Store],11297,0,0
Wifi Router (22 Days) {airport} [NinjaWifi],11550,0,0
Wifi Router (22 Days) {airport} [Wifibox],23320,0,0
Wifi Router (22 Days) {hotel} [NinjaWifi],11550,0,0
Wifi Router (22 Days) {hotel} [Wifi-Rental Store],11806,0,0
Wifi Router (23 Days) {airport} [NinjaWifi],11550,0,0
Wifi Router (23 Days) {airport} [Wifibox],24380,0,0
Wifi Router (23 Days) {hotel} [NinjaWifi],11550,0,0
Wifi Router (23 Days) {hotel} [Wifi-Rental Store],12176,0,0
Wifi Router (24 Days) {airport} [NinjaWifi],11550,0,0
Wifi Router (24 Days) {airport} [Wifibox],25440,0,0
Wifi Router (24 Days) {hotel} [NinjaWifi],11550,0,0
Wifi Router (24 Days) {hotel} [Wifi-Rental Store],12547,0,0
Wifi Router (25 Days) {airport} [NinjaWifi],11550,0,0
Wifi Router (25 Days) {airport} [Wifibox],26510,0,0
Wifi Router (25 Days) {hotel} [NinjaWifi],11550,0,0
Wifi Router (25 Days) {hotel} [Wifi-Rental Store],12871,0,0
Wifi Router (26 Days) {airport} [NinjaWifi],11550,0,0
Wifi Router (26 Days) {hotel} [NinjaWifi],11550,0,0
Wifi Router (27 Days) {airport} [NinjaWifi],11550,0,0
Wifi Router (27 Days) {airport} [Wifibox],13000,0,0
Wifi Router (27 Days) {hotel} [NinjaWifi],11550,0,0
Wifi Router (28 Days) {airport} [NinjaWifi],11550,0,0
Wifi Router (28 Days) {airport} [Wifibox],30000,0,0
Wifi Router (28 Days) {hotel} [NinjaWifi],11550,0,0
Wifi Router (29 Days) {airport} [NinjaWifi],11550,0,0
Wifi Router (29 Days) {hotel} [NinjaWifi],11550,0,0
Wifi Router (30 Days) {airport} [NinjaWifi],11550,0,0
Wifi Router (30 Days) {hotel} [NinjaWifi],11550,0,0
Wifi Router (31 Days) {airport} [NinjaWifi],11550,0,0
Wifi Router (31 Days) {airport} [Wifibox],36282,0,0
Wifi Router (31 Days) {hotel} [NinjaWifi],11550,0,0
Wifi Router (32 Days) {airport} [NinjaWifi],11550,0,0
Wifi Router (32 Days) {hotel} [NinjaWifi],11550,0,0
Yamato Luggage Charter Box,21800,0,0
Zazen Kounji Temple,3000,1000,500
Zazen meditation (guided),0,0,0
Zazen Shōrin-ji Temple (groupe),0,1300,0
