name,price
[ne plus utiliser] takayama to kanazawa [am],4510
Amanohashidate to Kyoto (Ine),5400
amanoshidate to hiroshima 1/2,5400
amanoshidate to hiroshima 2/2,12340
arima onsen to osaka,1530
beppu to fukuoka,0
beppu to tomonoura 1/2,4660
beppu to tomonoura 2/2,11350
Beppu to Usuki,1840
Beppu tu Usuki,1840
Bus takayama to Kanazawa,4200
echizen to kanazawa,3560
echizen to kyoto 1/2,0
echizen to kyoto 2/2,3820
fukuoka to beppu,8660
fukuoka to hiroshima [am],8570
fukuoka to kyoto [am] jr pass 1/2,14750
fukuoka to kyoto [am] jr pass 2/2,0
fukuoka to nagasaki 1/2,3130
fukuoka to nagasaki 2/2,3270
fukuoka to osaka,16420
fukuoka to tokyo [am] jr pass 1/2,14750
fukuoka to tokyo [am] jr pass 2/2,15120
fukuyama to beppu 1/2,9890
fukuyama to beppu 2/2,4660
gifu to kyoto [am] 1/2,480
gifu to kyoto [am] 2/2,6310
gifu to kyoto 1/2,480
gifu to kyoto 2/2,6310
hakone to fukuoka[am] Odawara 10:07 1/2,8930
hakone to fukuoka[am] Odawara 10:07 2/2,19710
hakone to kyoto [pm] 1/2,0
hakone to kyoto [pm] 2/2,12910
hakone to nagoya [pm] 1/2 pm,0
hakone to nagoya [pm] 2/2,8570
hakone to nakatsugawa 1/3 [am],360
hakone to nakatsugawa 2/3 [am],0
hakone to nakatsugawa 3/3 [am],3470
hakone to odawara - odawara 12pm,360
Hakone to Odawara (Odawara 10:07),0
hakone to osaka [am] 1/3,0
hakone to osaka [am] 2/3,2230
hakone to osaka [am] 3/3,15040
hakone to takayama [am] 1/3,360
hakone to tokyo shinjuku (romance car),2470
hakone to tokyo station [am 1/2,360
hakone to tokyo station [am 2/2,3280
hakone to tomonoura [pm] 1/3,360
hakone to tomonoura [pm] 2/3,13460
hakone to tomonoura [pm] 3/3,7470
hakone to tomonoura 1/3,360
hakone to tomonoura 2/3,8570
hakone to tomonoura 3/3,13440
hikone to himeji 1/3,190
hikone to himeji 2/3,2160
hikone to himeji 3/3,0
hikone to kyoto [pm],2350
himeji to hakone 1/3,9700
himeji to hakone 2/3,8570
himeji to hakone 3/3,360
Himeji to Hiroshima,9370
Himeji to hiroshima - 17pm,9370
himeji to hiroshima [pm] jr pass 1/2,3280
himeji to hiroshima [pm] jr pass 2/2,5610
himeji to hiroshima no jr pass [15pm],9370
himeji to kyoto,4740
himeji to naoshima - 1/2,4530
Himeji to naoshima 2/2 boat 16;30,590
himeji to okayama - no jr pass,3280
himeji to okayama (noon),0
himeji to osaka (15pm),3220
himeji to osaka [noon],3220
himeji to osaka [pm],3220
himeji to tomonoura (fukuyama) [pm] 1/2,4530
himeji to tomonoura (fukuyama) [pm] 2/2,2750
hiroshima to beppu 1/2,8600
hiroshima to beppu 2/2,0
hiroshima to fukuoka [am],10030
hiroshima to hakone 1/3,15210
hiroshima to hakone 2/3,8570
hiroshima to hakone 2/3,10560
hiroshima to hakone 3/3,0
hiroshima to himeji,9370
hiroshima to himeji [am],0
hiroshima to kanazawa [am] 1/3,12340
hiroshima to kanazawa [am] 2/3,3820
hiroshima to kanazawa [am] 3/3,4950
Hiroshima to Koyasan,14770
hiroshima to koyasan 1/2,9890
hiroshima to koyasan 2/2,0
hiroshima to kumamoto,0
Hiroshima to Kurashiki - LOIN - gir,7190
hiroshima to kyoto,0
hiroshima to kyoto (JAP100),12340
hiroshima to kyoto (jr pass) am,0
hiroshima to kyoto [am],12340
hiroshima to kyoto [am] JR PASS 1/2,9890
hiroshima to kyoto [am] JR PASS 2/2,1450
hiroshima to kyoto [pm],12340
hiroshima to matsuyama by boat [tmp],10400
hiroshima to nagoya [pm] jr pass 1/2,9890
hiroshima to nagoya [pm] jr pass 2/2,0
hiroshima to naoshima  (uno boat at 11:00) 2/2,590
hiroshima to naoshima  (uno boat at 17:05) 1/2,6860
hiroshima to naoshima  (uno boat at 17:05) 2/2,590
hiroshima to naoshima (uno boat at 11:00) 1/3,6860
hiroshima to naoshima (uno boat at 11:00) 2/3,240
hiroshima to naoshima (uno boat at 11:00) 3/3,330
hiroshima to okayama [am],6860
hiroshima to okayama [pm],6860
hiroshima to osaka (16pm),9890
hiroshima to osaka [am],0
hiroshima to osaka [pm],9890
hiroshima to shin kobe,9670
hiroshima to takayama [am] 1/2,15210
hiroshima to takayama [am] 2/2,6540
hiroshima to tokyo [am],20160
hiroshima to tokyo [pm],20160
ine to osaka 1/2,1750
ine to osaka 2/2,4770
ise to hakone [am],11810
ise to kyoto,4070
ise to nakatsugawa [am] 1/2,2700
ise to nakatsugawa [am] 2/2,1340
ise to nara,3380
ise to osaka,3510
ise to tokyo [am] 1/2,0
ise to tokyo [am] 2/2,11700
ise to tokyo 1/2,0
ise to tokyo 2/2,11700
ise to tokyo pm 1/2,2040
ise to tokyo pm 2/2,11700
ito to odawara 1/2,350
ito to odawara 2/2,1290
kamakura to nikko 1/2,1040
kamakura to nikko 2/2,0
kanazawa to echizen,3560
kanazawa to gifu 1/2,8450
kanazawa to gifu 2/2,3820
kanazawa to himeji [am] 1/3,4950
kanazawa to himeji [am] 2/3,0
kanazawa to himeji [am] 3/3,6100
kanazawa to hiroshima [am] 1/3,4950
kanazawa to hiroshima [am] 2/3,3820
kanazawa to hiroshima [am] 3/3,0
kanazawa to hiroshima [pm] 1/3,4950
kanazawa to hiroshima [pm] 2/3,3820
kanazawa to hiroshima [pm] 3/3,12340
kanazawa to kinosaki [am] 1/3,4950
kanazawa to kinosaki [am] 2/3,3820
kanazawa to kinosaki [am] 3/3,5770
kanazawa to kyoto [am] 1/2,4950
kanazawa to kyoto [am] 2/2,0
kanazawa to kyoto [pm] 1/2,4950
kanazawa to kyoto [pm] 2/2,3820
kanazawa to Miyajima [am],0
kanazawa to nagano,9570
kanazawa to naoshima [am],0
kanazawa to okayama [am] 1/3,4950
kanazawa to okayama [am] 2/3,5100
kanazawa to okayama [am] 2/3,5100
kanazawa to okayama [am] 3/3,6860
Kanazawa to Shin-Osaka 1/2,4950
Kanazawa to Shin-Osaka 2/2,5100
kanazawa to takayama [am] 1/2,2860
kanazawa to takayama [am] 2/2,0
Kanazawa to Tokyo,0
kanazawa to tomonoura (fukuyama) [pm] 1/3,4950
kanazawa to tomonoura (fukuyama) [pm] 2/3,3820
kanazawa to tomonoura (fukuyama) [pm] 3/3,9810
karuizawa to nagano,3280
kawaguchiko (Otsuki) to tokyo [am] 1/2,1790
kawaguchiko (Otsuki) to tokyo [am] 2/2,720
kawaguchiko (Otsuki) to tokyo [pm],2200
kawaguchiko to himeji [am],16240
kawaguchiko to hiroshima [am],21300
Kawaguchiko to Kyoto,13480
Kawaguchiko to Kyoto 1/3,1570
Kawaguchiko to Kyoto 2/3,2620
Kawaguchiko to Kyoto 3/3,14570
kawaguchiko to matsumoto 1/2,1570
kawaguchiko to matsumoto 1/3,1570
kawaguchiko to matsumoto 2/2,4330
Kawaguchiko to Matsumoto 2/3,1670
kawaguchiko to matsumoto 2/3,910
Kawaguchiko to Matsumoto 3/3,0
kawaguchiko to takayama,10660
kawaguchiko to takayama (BUS),10660
Kii Katsura to Ise,0
kii katsuura to ise [am] 1/2,5770
kii katsuura to ise [am] 2/2,240
kii katsuura to kyoto 1/2,0
kii katsuura to kyoto 2/2,6310
kii katsuura to nagoya [pm],0
kii katsuura to nagoya [pm] JR pass 1/2,7860
kii katsuura to nagoya [pm] JR pass 2/2,7080
kii katsuura to okayama 1/2,7860
kii katsuura to okayama 2/2,6860
kii katsuura to osaka [pm],7860
kii katsuura to tokyo,18970
kii katsuura to tokyo  2/2,15120
kii katsuura to tokyo 1/2 -,0
Kii Tanabe to Osaka,6210
Kii Tanabe to Osaka (noon - after hike),6210
kinosaki to kyoto,5770
kinosaki to osaka - pm,6540
kobe to osaka [pm],1530
koyasan to hiroshima - 9am 1/2,0
koyasan to hiroshima - 9am 2/2 - no jr pass,11350
koyasan to hiroshima 1/3,990
koyasan to hiroshima 2/3,0
koyasan to hiroshima 3/3,11350
koyasan to kyoto 1/2,1430
koyasan to kyoto 2/2,3480
koyasan to miyajima (1/3),990
koyasan to miyajima (2/3),0
Koyasan to Miyajima (3/3),9890
koyasan to okayama 1/4,990
koyasan to okayama 2/4,740
koyasan to okayama 3/4,290
koyasan to okayama 4/4,6860
koyasan to osaka (namba) [am],0
koyasan to osaka (namba) [noon - Koyasan at 12 pm] 1/2,990
koyasan to osaka (namba) [noon - Koyasan at 12 pm] 2/2,740
koyasan to osaka (namba) [noon - Koyasan at 14pm],3130
koyasan to tanabe [pm] 1/3,2090
koyasan to tanabe [pm] 2/3,860
koyasan to tanabe [pm] 3/3,3820
koyasan to tokyo 1/2 [pm],2530
koyasan to tokyo 2/2 [pm],15120
kurashiki to fukuyama,0
Kurashiki to naoshima (uno) 1/2,330
Kurashiki to naoshima (uno) 2/2,590
kyoto to amanoshidate,5400
kyoto to fukuoka,17180
kyoto to gifu 1/2,6310
kyoto to gifu 2/2,480
kyoto to hakone [am] 1/2,12910
kyoto to hakone [am] 2/2,360
Kyoto to Haneda T3,14900
Kyoto to Himeji [am - early],4740
Kyoto to Himeji [am],6100
kyoto to hiroshima - LOIN,0
kyoto to hiroshima (AM),12340
kyoto to hiroshima [am] 1/2 JR PASS,8500
kyoto to hiroshima [am] 2/2 JR PASS,0
kyoto to ine [am],5400
kyoto to kanazawa 1/2,3820
kyoto to kanazawa 2/2,4950
kyoto to kinosaki - direct - Morning,5770
kyoto to koyasan 1/2 [am],1450
kyoto to koyasan 2/2 [am],1430
kyoto to miyajima [am] 1/2,12340
kyoto to miyajima 2/2,420
kyoto to nagoya [am],0
kyoto to nakatsugawa 1/2,6310
kyoto to nakatsugawa 2/2,3470
kyoto to naoshima (uno boat at 11:00),0
kyoto to narita city jr 1/2,14570
kyoto to narita city jr 2/2,1990
kyoto to okayama,0
kyoto to shin-osaka,1450
kyoto to takayama 1/2,6310
kyoto to takayama 2/2,6540
kyoto to tanabe [pm] 1/2,3480
kyoto to tanabe [pm] 2/2,0
kyoto to tokyo - pm - no jr pass,14570
kyoto to tokyo [am],14570
kyoto to tokyo [pm] - jr pass,14570
kyoto to tomonoura (fukuyama) [pm],9810
kyoto to tomonoura (fukuyama) am,0
matsumoto to kanazawa noon 1/2,3360
matsumoto to kanazawa noon 2/2,8640
matsumoto to Kawaguchiko (PM),5360
matsumoto to kyoto - 12pm - 1/2,0
matsumoto to kyoto - 12pm - 2/2,0
matsumoto to kyoto [pm] 1/2,0
matsumoto to kyoto [pm] 2/2,6310
matsumoto to nagano,3360
matsumoto to nakatsugawa,4790
matsumoto to osaka 1/2,6560
matsumoto to osaka 2/2,7080
matsumoto to shinjuku station [pm],6730
matsumoto to takayama (bus) - pm,5410
Matsuyama to Fukuyama,4640
matsuyama to kyoto 1/2,14990
matsuyama to kyoto 2/2,8500
matsuyama to okayama,0
matsuyama to osaka [pm] 1/2,6820
matsuyama to osaka [pm] 2/2,0
Matsuyama to Tomonoura,4640
miyajima to fukuoka [am],10360
miyajima to Himeji [am],9700
miyajima to hiroshima airport 1/3,420
miyajima to hiroshima airport 2/3,0
miyajima to hiroshima airport 3/3,1500
miyajima to kyoto,12670
miyajima to osaka [am] 1/2,420
miyajima to osaka am 2/2,11350
miyajima to tokyo [am] 1/2,420
miyajima to tokyo [am] 2/2,20160
mt transport,15210
nagano to hakone 1/3,8850
nagano to hakone 2/3,3280
nagano to hakone 3/3,360
nagano to kanazawa,8640
nagano to takayama 1/2,0
nagano to takayama 1/2,7690
nagano to takayama 2/2,1690
nagano to takayama 2/2,0
nagasaki to beppu 1/3,3270
nagasaki to beppu 2/3,3130
nagasaki to beppu 3/3,8660
nagasaki to hiroshima 1/3,3270
nagasaki to hiroshima 2/3,2300
nagasaki to hiroshima 3/3,9920
nagiso to kyoto [pm] 1/2,3820
nagiso to kyoto [pm] 2/2,6310
nagiso to matsumoto [pm],3670
nagiso to matsumoto [pm] 2/2,0
nagiso to nagoya [pm],3820
nagiso to osaka 1/2,10970
nagiso to osaka 2/2,7080
nagiso to tokyo 1/2,3820
nagiso to tokyo 2/2,11700
nagoya to hakone [am] 1/2,8570
nagoya to hakone [am] 2/2,360
Nagoya to Himeji [am],8240
nagoya to hiroshima,15210
nagoya to hiroshima jr pass 1/2,0
nagoya to hiroshima jr pass 2/2,0
nagoya to kanazawa 1/2,5760
nagoya to kanazawa 2/2,0
nagoya to kiitanabe [am] 1/2,5940
nagoya to kiitanabe [am] 2/2,6210
nagoya to kyoto,6310
nagoya to matsumoto,6560
nagoya to nakatsugawa - shinano,3470
nagoya to takayama,0
Nagoya to Takayama,0
Nagoya to takayama,6540
nagoya to tokyo [am],10560
naoshima (uno) to himeji (naoshima 08:52 boat),5320
naoshima (uno) to hiroshima (naoshima 08:52 boat),7190
naoshima (uno) to hiroshima (naoshima 17:35 boat),5940
naoshima (uno) to kyoto (naoshima 08:52 boat),9270
naoshima (uno) to kyoto (naoshima 17:35 boat),9270
naoshima (uno) to miyajima (naoshima 08:52 boat),7520
naoshima (uno) to okayama (uno boat à 8:52),590
naoshima (uno) to shin-osaka (naoshima 08:52 boat) 1/3,330
naoshima (uno) to shin-osaka (naoshima 08:52 boat) 2/3,240
naoshima (uno) to shin-osaka (naoshima 08:52 boat) 3/3,5610
naoshima (uno) to tanabe (12:45 miyanoura boat),13660
naoshima (uno) to tokyo - naoshima boat 8:52 1/3,330
naoshima (uno) to tokyo - naoshima boat 8:52 2/3,240
naoshima (uno) to tokyo - naoshima boat 8:52 3/3,18170
naoshima to ise,11320
naoshima to matsuyama,6600
nikko to hakone [am] JR 1/4,810
nikko to hakone [am] JR 2/4,4600
nikko to hakone [am] JR 3/4,3280
nikko to hakone [am] JR 4/4,360
nikko to tokyo [am] JR 1/2,0
nikko to tokyo [am] JR 2/2,0
nikko to tokyo [pm] JR 1/2,810
nikko to tokyo [pm] JR 2/2,4600
odawara to himeji 1/2,8570
odawara to himeji 2/2,9700
odawara to hiroshima 1/2,0
odawara to hiroshima 2/2,15210
odawara to kanazawa [am] 1/2,3280
odawara to kanazawa [am] 2/2,14070
odawara to kyoto  - 12pm,12910
odawara to kyoto [am],12910
odawara to nagoya,8570
odawara to nagoya[am],8570
odawara to okayama 1/2,8570
odawara to okayama 2/2,12010
odawara to osaka 2/2,0
odawara to shin-osaka,13460
okayama to arima onsen,6420
okayama to fukuyama,0
okayama to hakone,17340
okayama to himeji,3280
Okayama to Hiroshima,6860
okayama to ise [pm] 1/2,12010
okayama to ise [pm] 2/2,3080
okayama to ise 1/2,12010
okayama to ise 2/2,0
okayama to kanazawa 1/3,6860
okayama to kanazawa 2/3,12070
okayama to kanazawa 3/3,4950
okayama to kobe,5170
okayama to koyasan,9680
Okayama to Kurashiki (noon),330
okayama to kyoto,8500
Okayama to Naoshima,590
okayama to naoshima (pm) 1/2,240
okayama to naoshima (pm) 2/2,330
okayama to naoshima [am] early,590
okayama to shin-osaka [am],6860
Okayama to Shin-Osaka LOIN - gir,5610
okayama to tokyo [am],18170
okayama to tokyo [pm],18170
Osaka (tennoji) to kyoto (HARUKA),4620
osaka to fukuyama,0
osaka to hakone [am] 1/2,13820
osaka to hakone [am] 2/2,0
osaka to himeji,3220
osaka to himeji - 8:45 am,3220
osaka to hiroshima [am],9890
osaka to koyasan,0
Osaka to Matsuyama,0
osaka to miyajima [am],10220
osaka to nagasaki 1/3,0
osaka to nagasaki 2/3,3130
osaka to nagasaki 3/3,3270
osaka to nakatsugawa [am] 1/2,0
osaka to nakatsugawa [am] 2/2,3470
osaka to naoshima (uno boat at 11:00),0
osaka to naoshima (uno boat at 17:05),7520
osaka to nikko (hikari - tsubasa - jr local),19170
osaka to okayama (am),5610
osaka to okayama (pm),6860
osaka to takayama 1/2,7080
osaka to takayama 2/2,6540
osaka to tanabe [am],0
osaka to tanabe [noon],6210
osaka to tokyo,0
osaka to tokyo [noon],15120
osaka to tokyo JR PASS,15120
osaka to tomonoura (fukuyama),8930
sendai to tokyo,10780
shin-osaka to kyoto,1450
shin-osaka to kyoto - PM,3480
Shin-Osaka to Odawara - Loin,13460
shin-osaka to tokyo (ALTER),15120
takayama to hakone [am],14590
takayama to hikone,0
takayama to hikone [am] 1/3,0
takayama to hikone [am] 2/3,2550
takayama to hikone [am] 3/3,190
takayama to hiroshima [pm] 1/2,6540
takayama to hiroshima [pm] 2/2,15210
takayama to hiroshima 1/2,0
takayama to hiroshima 1/3 - JR PASS,6540
takayama to hiroshima 2/2,15210
takayama to hiroshima 2/3 - JR PASS,7470
takayama to hiroshima 3/3 - JR PASS,0
takayama to kanazawa 1/2,7990
takayama to kanazawa 2/2,2860
takayama to kanazawa 7:40 1/3,4200
takayama to kyoto [am] 1/2,0
takayama to kyoto [am] 2/2,6310
takayama to kyoto [pm] 1/2,6540
takayama to kyoto [pm] 2/2,0
takayama to nagoya,6540
takayama to nakatsugawa AM,6200
takayama to osaka [am] 1/2,6540
takayama to osaka [am] 2/2,7080
takayama to osaka [noon] 1/2,13180
takayama to osaka [noon] 2/2,7080
takayama to tokyo 1/2,6540
takayama to tokyo 2/2,11700
teshima (uno) to hiroshima (teshima 16:25 boat),5940
teshima to miyajima 1/2,590
teshima to miyajima 2/2,6860
tokyo to hakone - romance car,2470
tokyo to hakone [am] 1/2 JR,3280
tokyo to hakone [am] 2/2 JR,360
tokyo to hiroshima [am] 1/2,18170
tokyo to hiroshima [am] 2/2,5610
tokyo to ito,4850
tokyo to kanazawa [am],15000
tokyo to karuizawa,0
tokyo to kawaguchiko,2200
tokyo to kyoto,14570
tokyo to kyoto - am - no jr,14570
tokyo to matsumoto 1/2,8850
tokyo to matsumoto 2/2,3360
tokyo to nagano,0
tokyo to nagoya,11700
tokyo to nakatsugawa [am] 1/2,11700
tokyo to nakatsugawa [am] 2/2,3470
tokyo to narita (city) jr,1000
tokyo to Nikko - JR PASS 1/2,4600
tokyo to Nikko - JR PASS 2/2,810
tokyo to shin-osaka,15120
tokyo to takayama (7am) 1/2,13580
tokyo to takayama (7am) 2/2,1690
tokyo to takayama [am] 1/2,11700
tokyo to takayama [am] 2/2,6540
tokyo to tanabe,20010
tomonoura (fukuyama) to hiroshima,4510
tomonoura (fukuyama) to kyoto [am],9810
tomonoura (fukuyama) to okayama,0
tomonoura (fukuyama) to tokyo [am],18710
Tomonoura to Beppu,15460
tomonoura to osaka,8930
Usuki to Fukuoka,8270
Usuki to Fukuoka,9540
